cluster,n_customers,avg_total_orders,avg_total_sales,avg_order_value,avg_recency_days
0,105,2.3714285714285714,15142.137246666667,6540.577905238095,2488.019047619048
1,620,1.014516129032258,2876.031685483871,2851.1579649193545,9999.0
2,441,1.038548752834467,3070.8347580498867,2989.2170840136055,659.9637188208617
3,279,1.0,10615.82212688172,10615.82212688172,7574.695340501792
